{
  "status_code": 200,
  "data": {
    "aggregate_link": "http://bit.ly/X68JMK",
    "entries": [{
      "link": "http://bit.ly/T51Yef",
      "user": "tweetdeckapi",
      "ts": 1355246352
    },
    {
      "link": "http://bit.ly/UHkb2r",
      "user": "nagash",
      "ts": 1357676635
    },
    {
      "link": "http://bit.ly/VbBPxu",
      "user": "ptrckryn",
      "ts": 1357686625
    },
    {
      "link": "http://bit.ly/154NYdZ",
      "user": "netnavi",
      "ts": 1367259520
    },
    {
      "link": "http://bit.ly/14RGGdl",
      "user": "toshi0104",
      "ts": 1367370701
    },
    {
      "link": "http://bit.ly/12aTk1q",
      "user": "faviki",
      "ts": 1367840679
    },
    {
      "link": "http://bit.ly/10Nv5nl",
      "user": "cveira",
      "ts": 1368289125
    },
    {
      "link": "http://bit.ly/19rYY62",
      "user": "kivanov",
      "ts": 1371078659
    }]
  },
  "status_txt": "OK"
}
