[
  {
    "ID" : "AFR" ,
    "LocalizedName" : "Africa" ,
    "EnglishName" : "Africa"
  } , {
    "ID" : "ANT" ,
    "LocalizedName" : "Antarctica" ,
    "EnglishName" : "Antarctica"
  } , {
    "ID" : "ARC" ,
    "LocalizedName" : "Arctic" ,
    "EnglishName" : "Arctic"
  } , {
    "ID" : "ASI" ,
    "LocalizedName" : "Asia" ,
    "EnglishName" : "Asia"
  } , {
    "ID" : "CAC" ,
    "LocalizedName" : "Central America" ,
    "EnglishName" : "Central America"
  } , {
    "ID" : "EUR" ,
    "LocalizedName" : "Europe" ,
    "EnglishName" : "Europe"
  } , {
    "ID" : "MEA" ,
    "LocalizedName" : "Middle East" ,
    "EnglishName" : "Middle East"
  } , {
    "ID" : "NAM" ,
    "LocalizedName" : "North America" ,
    "EnglishName" : "North America"
  } , {
    "ID" : "OCN" ,
    "LocalizedName" : "Oceania" ,
    "EnglishName" : "Oceania"
  } , {
    "ID" : "SAM" ,
    "LocalizedName" : "South America" ,
    "EnglishName" : "South America"
  }
]
