{
  "required" : true ,
  "$schema" : "http://json-schema.org/draft-03/schema" ,
  "type" : "object" ,
  "properties" : {
    "status" : {
      "type" : "string" ,
      "required" : false
    } ,
    "competitors" : {
      "type" : "object" ,
      "required" : false ,
      "properties" : {
        "my_competitor" : {
          "type" : "object" ,
          "required" : false ,
          "properties" : {
            "summary" : {
              "type" : "object" ,
              "required" : false ,
              "properties" : {
                "nodes" : {
                  "type" : "array" ,
                  "required" : false ,
                  "items" : [
                    {
                      "type" : "string"
                    }
                  ]
                } ,
                "total_iterations" : {
                  "type" : "number" ,
                  "required" : false
                } ,
                "completed_iterations" : {
                  "type" : "number" ,
                  "required" : false
                } ,
                "total_queries" : {
                  "type" : "number" ,
                  "required" : false
                } ,
                "concurrency" : {
                  "type" : "number" ,
                  "required" : false
                } ,
                "multiplier" : {
                  "type" : "number" ,
                  "required" : false
                } ,
                "avg_warmup_time" : {
                  "type" : "number" ,
                  "required" : false
                } ,
                "statistics" : {
                  "type" : "object" ,
                  "required" : false ,
                  "properties" : {
                    "min" : {
                      "type" : "number" ,
                      "required" : false
                    } ,
                    "max" : {
                      "type" : "number" ,
                      "required" : false
                    } ,
                    "mean" : {
                      "type" : "number" ,
                      "required" : false
                    } ,
                    "qps" : {
                      "type" : "number" ,
                      "required" : false
                    } ,
                    "std_dev" : {
                      "type" : "number" ,
                      "required" : false
                    } ,
                    "millis_per_hit" : {
                      "type" : "number" ,
                      "required" : false
                    } ,
                    "percentile_10" : {
                      "type" : "number" ,
                      "required" : false
                    } ,
                    "percentile_25" : {
                      "type" : "number" ,
                      "required" : false
                    } ,
                    "percentile_50" : {
                      "type" : "number" ,
                      "required" : false
                    } ,
                    "percentile_75" : {
                      "type" : "number" ,
                      "required" : false
                    } ,
                    "percentile_90" : {
                      "type" : "number" ,
                      "required" : false
                    } ,
                    "percentile_99" : {
                      "type" : "number" ,
                      "required" : false
                    }
                  }
                }
              }
            }
          }
        }
      }
    }
  }
}
