{
  "firstName" : "undefined" ,
  "lastName" : "undefined" ,
  "emailAddress" : "fred.sakr@eloqua.com" ,
  "emailFormatPreference" : "undefined" ,
  "isTracked" : "undefined" ,
  "isSubscribed" : "undefined" ,
  "isBounceback" : "undefined" ,
  "accountName" : "Eloqua Employees" ,
  "accountId" : "undefined" ,
  "title" : "undefined" ,
  "subscriptionDate" : "undefined" ,
  "unsubscriptionDate" : "undefined" ,
  "bouncebackDate" : "undefined" ,
  "fieldValues" : [
    {
      "value" : "undefined" ,
      "id" : "undefined"
    }
  ] ,
  "address1" : "1921 Gallows Road" ,
  "address2" : "" ,
  "address3" : "" ,
  "city" : "undefined" ,
  "province" : "undefined" ,
  "postalCode" : "undefined" ,
  "country" : "USA" ,
  "businessPhone" : "undefined" ,
  "mobilePhone" : "undefined" ,
  "fax" : "" ,
  "salesPerson" : "undefined" ,
  "name" : "undefined" ,
  "description" : "Eloqua" ,
  "permissions" : "undefined" ,
  "folderId" : "undefined" ,
  "sourceTemplateId" : "undefined" ,
  "createdBy" : "undefined" ,
  "createdAt" : "undefined" ,
  "updatedBy" : "undefined" ,
  "updatedAt" : "undefined" ,
  "accessedAt" : "undefined" ,
  "scheduledFor" : "undefined" ,
  "depth" : "minimal"
}
