{
  "required" : true ,
  "$schema" : "http://json-schema.org/draft-03/schema" ,
  "type" : "object" ,
  "properties" : {
    "object" : {
      "type" : "string" ,
      "required" : false
    } ,
    "id" : {
      "type" : "string" ,
      "required" : false
    } ,
    "created_at" : {
      "type" : "number" ,
      "required" : false
    } ,
    "updated_at" : {
      "type" : "number" ,
      "required" : false
    } ,
    "livemode" : {
      "type" : "boolean" ,
      "required" : false
    } ,
    "note" : {
      "type" : "string" ,
      "required" : false
    } ,
    "ssn" : {
      "type" : "string" ,
      "required" : false
    } ,
    "passport" : {
      "type" : "object" ,
      "required" : false
    } ,
    "date_of_birth" : {
      "type" : "string" ,
      "required" : false
    } ,
    "name_first" : {
      "type" : "string" ,
      "required" : false
    } ,
    "name_middle" : {
      "type" : "object" ,
      "required" : false
    } ,
    "name_last" : {
      "type" : "string" ,
      "required" : false
    } ,
    "address_street1" : {
      "type" : "object" ,
      "required" : false
    } ,
    "address_street2" : {
      "type" : "object" ,
      "required" : false
    } ,
    "address_city" : {
      "type" : "string" ,
      "required" : false
    } ,
    "address_subdivision" : {
      "type" : "object" ,
      "required" : false
    } ,
    "address_postal_code" : {
      "type" : "object" ,
      "required" : false
    } ,
    "address_country_code" : {
      "type" : "string" ,
      "required" : false
    }
  }
}
