{
  "required" : true ,
  "$schema" : "http://json-schema.org/draft-03/schema" ,
  "type" : "object" ,
  "properties" : {
    "id" : {
      "type" : "string" ,
      "required" : false
    } ,
    "ancestry" : {
      "type" : "object" ,
      "required" : false ,
      "properties" : {
        "label" : {
          "type" : "string" ,
          "required" : false
        } ,
        "proportion" : {
          "type" : "number" ,
          "required" : false
        } ,
        "unassigned" : {
          "type" : "number" ,
          "required" : false
        } ,
        "sub_populations" : {
          "type" : "array" ,
          "required" : false ,
          "items" : [
            {
              "type" : "object" ,
              "properties" : {
                "label" : {
                  "type" : "string" ,
                  "required" : false
                } ,
                "proportion" : {
                  "type" : "number" ,
                  "required" : false
                }
              }
            } , {
              "type" : "object" ,
              "properties" : {
                "label" : {
                  "type" : "string" ,
                  "required" : false
                } ,
                "proportion" : {
                  "type" : "number" ,
                  "required" : false
                } ,
                "unassigned" : {
                  "type" : "number" ,
                  "required" : false
                } ,
                "sub_populations" : {
                  "type" : "array" ,
                  "required" : false ,
                  "items" : [
                    {
                      "type" : "object" ,
                      "properties" : {
                        "label" : {
                          "type" : "string" ,
                          "required" : false
                        } ,
                        "proportion" : {
                          "type" : "number" ,
                          "required" : false
                        } ,
                        "unassigned" : {
                          "type" : "number" ,
                          "required" : false
                        } ,
                        "sub_populations" : {
                          "type" : "array" ,
                          "required" : false ,
                          "items" : [
                            {
                              "type" : "object" ,
                              "properties" : {
                                "label" : {
                                  "type" : "string" ,
                                  "required" : false
                                } ,
                                "proportion" : {
                                  "type" : "number" ,
                                  "required" : false
                                }
                              }
                            }
                          ]
                        }
                      }
                    }
                  ]
                }
              }
            }
          ]
        }
      }
    }
  }
}
