{
  "required" : true ,
  "$schema" : "http://json-schema.org/draft-03/schema" ,
  "type" : "object" ,
  "properties" : {
    "object" : {
      "type" : "string" ,
      "required" : false
    } ,
    "id" : {
      "type" : "string" ,
      "required" : false
    } ,
    "created_at" : {
      "type" : "number" ,
      "required" : false
    } ,
    "updated_at" : {
      "type" : "number" ,
      "required" : false
    } ,
    "status" : {
      "type" : "string" ,
      "required" : false
    } ,
    "livemode" : {
      "type" : "boolean" ,
      "required" : false
    } ,
    "entity_name" : {
      "type" : "string" ,
      "required" : false
    } ,
    "tax_id" : {
      "type" : "string" ,
      "required" : false
    } ,
    "incorporation_day" : {
      "type" : "number" ,
      "required" : false
    } ,
    "incorporation_month" : {
      "type" : "number" ,
      "required" : false
    } ,
    "incorporation_year" : {
      "type" : "number" ,
      "required" : false
    } ,
    "incorporation_state" : {
      "type" : "string" ,
      "required" : false
    } ,
    "incorporation_country_code" : {
      "type" : "string" ,
      "required" : false
    } ,
    "incorporation_type" : {
      "type" : "string" ,
      "required" : false
    } ,
    "dbas" : {
      "type" : "string" ,
      "required" : false
    } ,
    "registration_number" : {
      "type" : "string" ,
      "required" : false
    } ,
    "email" : {
      "type" : "string" ,
      "required" : false
    } ,
    "url" : {
      "type" : "string" ,
      "required" : false
    } ,
    "phone_number" : {
      "type" : "string" ,
      "required" : false
    } ,
    "note" : {
      "type" : "string" ,
      "required" : false
    } ,
    "ip_address" : {
      "type" : "string" ,
      "required" : false
    } ,
    "address_street1" : {
      "type" : "string" ,
      "required" : false
    } ,
    "address_street2" : {
      "type" : "object" ,
      "required" : false
    } ,
    "address_city" : {
      "type" : "string" ,
      "required" : false
    } ,
    "address_subdivision" : {
      "type" : "string" ,
      "required" : false
    } ,
    "address_postal_code" : {
      "type" : "string" ,
      "required" : false
    } ,
    "address_country_code" : {
      "type" : "string" ,
      "required" : false
    } ,
    "details" : {
      "type" : "object" ,
      "required" : false ,
      "properties" : {
        "ofac" : {
          "type" : "string" ,
          "required" : false
        } ,
        "state" : {
          "type" : "string" ,
          "required" : false
        } ,
        "tax_id" : {
          "type" : "string" ,
          "required" : false
        } ,
        "address" : {
          "type" : "string" ,
          "required" : false
        } ,
        "entity_name" : {
          "type" : "string" ,
          "required" : false
        } ,
        "incorp_date" : {
          "type" : "string" ,
          "required" : false
        } ,
        "country_code" : {
          "type" : "string" ,
          "required" : false
        }
      }
    }
  }
}
