[
  {
    "Key" : "7894" ,
    "LocalizedName" : "Buenos Aires" ,
    "EnglishName" : "Buenos Aires" ,
    "Country" : {
      "ID" : "AR" ,
      "LocalizedName" : "Argentina" ,
      "EnglishName" : "Argentina"
    } ,
    "TimeZone" : {
      "Code" : "ART" ,
      "Name" : "America/Argentina/Buenos_Aires" ,
      "GmtOffset" : -3 ,
      "IsDaylightSaving" : false ,
      "NextOffsetChange" : null
    } ,
    "GeoPosition" : {
      "Latitude" : -34.61 ,
      "Longitude" : -58.41 ,
      "Elevation" : {
        "Metric" : {
          "Value" : 26 ,
          "Unit" : "m" ,
          "UnitType" : 5
        } ,
        "Imperial" : {
          "Value" : 85 ,
          "Unit" : "ft" ,
          "UnitType" : 0
        }
      }
    } ,
    "LocalObservationDateTime" : "2014-03-17T12:35:00-03:00" ,
    "EpochTime" : 1395070500 ,
    "WeatherText" : "Sunny" ,
    "WeatherIcon" : 1 ,
    "IsDayTime" : true ,
    "Temperature" : {
      "Metric" : {
        "Value" : 23.9 ,
        "Unit" : "C" ,
        "UnitType" : 17
      } ,
      "Imperial" : {
        "Value" : 75 ,
        "Unit" : "F" ,
        "UnitType" : 18
      }
    } ,
    "MobileLink" : "http://m.accuweather.com/en/ar/buenos-aires/7894/current-weather/7894?lang=en-us" ,
    "Link" : "http://www.accuweather.com/en/ar/buenos-aires/7894/current-weather/7894?lang=en-us"
  } , {
    "Key" : "28143" ,
    "LocalizedName" : "Dhaka" ,
    "EnglishName" : "Dhaka" ,
    "Country" : {
      "ID" : "BD" ,
      "LocalizedName" : "Bangladesh" ,
      "EnglishName" : "Bangladesh"
    } ,
    "TimeZone" : {
      "Code" : "BDT" ,
      "Name" : "Asia/Dhaka" ,
      "GmtOffset" : 6 ,
      "IsDaylightSaving" : false ,
      "NextOffsetChange" : null
    } ,
    "GeoPosition" : {
      "Latitude" : 23.7 ,
      "Longitude" : 90.4 ,
      "Elevation" : {
        "Metric" : {
          "Value" : 4 ,
          "Unit" : "m" ,
          "UnitType" : 5
        } ,
        "Imperial" : {
          "Value" : 14 ,
          "Unit" : "ft" ,
          "UnitType" : 0
        }
      }
    } ,
    "LocalObservationDateTime" : "2014-03-17T21:20:00+06:00" ,
    "EpochTime" : 1395069600 ,
    "WeatherText" : "Clear" ,
    "WeatherIcon" : 33 ,
    "IsDayTime" : false ,
    "Temperature" : {
      "Metric" : {
        "Value" : 25.7 ,
        "Unit" : "C" ,
        "UnitType" : 17
      } ,
      "Imperial" : {
        "Value" : 78 ,
        "Unit" : "F" ,
        "UnitType" : 18
      }
    } ,
    "MobileLink" : "http://m.accuweather.com/en/bd/dhaka/28143/current-weather/28143?lang=en-us" ,
    "Link" : "http://www.accuweather.com/en/bd/dhaka/28143/current-weather/28143?lang=en-us"
  }
]

