{
  "$schema": "http://json-schema.org/draft-03/schema",
  "required": true,
  "properties": {
    "data": {
      "type": "object",
      "properties": {
        "tz_offset": {
          "description": "The offset for the specified timezone, in hours.",
          "type": "integer"
        },
        "unit": {
          "description": "An echo of the specified unit value.",
          "type": "string"
        },
        "units": {
          "description": "An echo of the specified units value.",
          "type": "integer"
        },
        "tracking_domain_shorten_counts": {
          "description": "the number of links to the specified tracking domain shortened (encoded) by all bitly users in the specified time.",
          "type": "integer"
        }
      }
    },
    "status_code": {
      "type": "integer",
      "required": true
    },
    "status_txt": {
      "type": "string",
      "required": true
    }
  }
}
