{
  "elements" : [
    {
      "isIncluded" : "undefined" ,
      "count" : "undefined" ,
      "lastCalculatedAt" : "undefined" ,
      "name" : "undefined" ,
      "description" : "Eloqua" ,
      "permissions" : "undefined" ,
      "folderId" : "undefined" ,
      "sourceTemplateId" : "undefined" ,
      "createdBy" : "undefined" ,
      "createdAt" : "undefined" ,
      "updatedBy" : "undefined" ,
      "updatedAt" : "undefined" ,
      "accessedAt" : "undefined" ,
      "scheduledFor" : "undefined" ,
      "depth" : "minimal"
    }
  ] ,
  "count" : "undefined" ,
  "lastCalculatedAt" : "undefined" ,
  "name" : "undefined" ,
  "description" : "Eloqua" ,
  "permissions" : "undefined" ,
  "folderId" : "undefined" ,
  "sourceTemplateId" : "undefined" ,
  "createdBy" : "undefined" ,
  "createdAt" : "undefined" ,
  "updatedBy" : "undefined" ,
  "updatedAt" : "undefined" ,
  "accessedAt" : "undefined" ,
  "scheduledFor" : "undefined" ,
  "depth" : "minimal"
}
