{
  "required" : true ,
  "$schema" : "http://json-schema.org/draft-03/schema" ,
  "type" : "object" ,
  "properties" : {
    "tweet" : {
      "type" : "object" ,
      "required" : false ,
      "properties" : {
        "properties" : {
          "type" : "object" ,
          "required" : false ,
          "properties" : {
            "message" : {
              "type" : "object" ,
              "required" : false ,
              "properties" : {
                "type" : {
                  "type" : "string" ,
                  "required" : false
                } ,
                "store" : {
                  "type" : "boolean" ,
                  "required" : false
                }
              }
            }
          }
        }
      }
    }
  }
}
