{
  "required" : true ,
  "$schema" : "http://json-schema.org/draft-03/schema" ,
  "type" : "object" ,
  "properties" : {
    "status_code" : {
      "type" : "number" ,
      "required" : false
    } ,
    "data" : {
      "type" : "object" ,
      "required" : false ,
      "properties" : {
        "units" : {
          "type" : "number" ,
          "required" : false
        } ,
        "unit_reference_ts" : {
          "type" : "object" ,
          "required" : false
        } ,
        "share_counts" : {
          "type" : "number" ,
          "required" : false
        } ,
        "tz_offset" : {
          "type" : "number" ,
          "required" : false
        } ,
        "unit" : {
          "type" : "string" ,
          "required" : false
        }
      }
    } ,
    "status_txt" : {
      "type" : "string" ,
      "required" : false
    }
  }
}
