{
  "userId" : "undefined" ,
  "isEnabled" : "undefined" ,
  "emailAddress" : "fred.sakr@eloqua.com" ,
  "isRestrictedToSchedule" : "undefined" ,
  "ruleLogicType" : "multipleComparisonAnd" ,
  "visitorMustBeMappedToContact" : "false" ,
  "ruleIds" : [
    null ,
    null
  ] ,
  "name" : "undefined" ,
  "description" : "Eloqua" ,
  "permissions" : "undefined" ,
  "folderId" : "undefined" ,
  "sourceTemplateId" : "undefined" ,
  "createdBy" : "undefined" ,
  "createdAt" : "undefined" ,
  "updatedBy" : "undefined" ,
  "updatedAt" : "undefined" ,
  "accessedAt" : "undefined" ,
  "scheduledFor" : "undefined" ,
  "depth" : "minimal"
}
