{
  "required" : true ,
  "$schema" : "http://json-schema.org/draft-03/schema" ,
  "type" : "object" ,
  "properties" : {
    "status_code" : {
      "type" : "number" ,
      "required" : false
    } ,
    "data" : {
      "type" : "object" ,
      "required" : false ,
      "properties" : {
        "aggregate_link" : {
          "type" : "string" ,
          "required" : false
        } ,
        "entries" : {
          "type" : "array" ,
          "required" : false ,
          "items" : [
            {
              "type" : "object" ,
              "properties" : {
                "link" : {
                  "type" : "string" ,
                  "required" : false
                } ,
                "user" : {
                  "type" : "string" ,
                  "required" : false
                } ,
                "ts" : {
                  "type" : "number" ,
                  "required" : false
                }
              }
            }
          ]
        }
      }
    } ,
    "status_txt" : {
      "type" : "string" ,
      "required" : false
    }
  }
}
