{
  "status_code" : 200 ,
  "data" : {
    "link_history" : [
      {
        "archived" : false ,
        "user_ts" : 1394806011 ,
        "bundle_links" : [
          "http://bitly.com/bundles/ksviridov/s" ,
          "http://bitly.com/bundles/ksviridov/E" ,
          "http://bitly.com/bundles/ksviridov/H" ,
          "http://bitly.com/bundles/ksviridov/Q" ,
          "http://bitly.com/bundles/ksviridov/U" ,
          "http://bitly.com/bundles/ksviridov/11" ,
          "http://bitly.com/bundles/ksviridov/14"
        ] ,
        "title" : "Anypoint API Portal - A Modern Web Suite for RESTful APIs" ,
        "created_at" : 1394806011 ,
        "tags" : [
        ] ,
        "modified_at" : 1426679359 ,
        "private" : false ,
        "note" : "new note value" ,
        "aggregate_link" : "http://bit.ly/X68JMK" ,
        "long_url" : "http://www.apihub.com/" ,
        "client_id" : "36b72d37f23e9e247e0aa39983841c92163c5c2f" ,
        "link" : "http://bit.ly/NdpB5S"
      }
    ] ,
    "result_count" : 15
  } ,
  "status_txt" : "OK"
}
