{
  "required" : true ,
  "$schema" : "http://json-schema.org/draft-03/schema" ,
  "type" : "object" ,
  "properties" : {
    "status_code" : {
      "type" : "number" ,
      "required" : false
    } ,
    "data" : {
      "type" : "object" ,
      "required" : false ,
      "properties" : {
        "link_history" : {
          "type" : "array" ,
          "required" : false ,
          "items" : [
            {
              "type" : "object" ,
              "properties" : {
                "archived" : {
                  "type" : "boolean" ,
                  "required" : false
                } ,
                "user_ts" : {
                  "type" : "number" ,
                  "required" : false
                } ,
                "bundle_links" : {
                  "type" : "array" ,
                  "required" : false ,
                  "items" : [
                    {
                      "type" : "string"
                    }
                  ]
                } ,
                "title" : {
                  "type" : "string" ,
                  "required" : false
                } ,
                "created_at" : {
                  "type" : "number" ,
                  "required" : false
                } ,
                "tags" : {
                  "type" : "array" ,
                  "required" : false ,
                  "items" : [
                  ]
                } ,
                "modified_at" : {
                  "type" : "number" ,
                  "required" : false
                } ,
                "private" : {
                  "type" : "boolean" ,
                  "required" : false
                } ,
                "note" : {
                  "type" : "string" ,
                  "required" : false
                } ,
                "aggregate_link" : {
                  "type" : "string" ,
                  "required" : false
                } ,
                "long_url" : {
                  "type" : "string" ,
                  "required" : false
                } ,
                "client_id" : {
                  "type" : "string" ,
                  "required" : false
                } ,
                "link" : {
                  "type" : "string" ,
                  "required" : false
                }
              }
            }
          ]
        } ,
        "result_count" : {
          "type" : "number" ,
          "required" : false
        }
      }
    } ,
    "status_txt" : {
      "type" : "string" ,
      "required" : false
    }
  }
}
