{
  "required" : true ,
  "$schema" : "http://json-schema.org/draft-03/schema" ,
  "type" : "object" ,
  "properties" : {
    "id" : {
      "type" : "string" ,
      "required" : false
    } ,
    "url" : {
      "type" : "string" ,
      "required" : false
    } ,
    "link_id" : {
      "type" : "string" ,
      "required" : false
    } ,
    "feature_id" : {
      "type" : "string" ,
      "required" : false
    } ,
    "status" : {
      "type" : "string" ,
      "required" : false
    }
  }
}
