{
  "required" : true ,
  "$schema" : "http://json-schema.org/draft-03/schema" ,
  "type" : "object" ,
  "properties" : {
    "optionListId" : {
      "type" : "string" ,
      "required" : false
    } ,
    "checkedValue" : {
      "type" : "string" ,
      "required" : false
    } ,
    "uncheckedValue" : {
      "type" : "string" ,
      "required" : false
    } ,
    "displayType" : {
      "type" : "string" ,
      "required" : false
    } ,
    "dataType" : {
      "type" : "string" ,
      "required" : false
    } ,
    "defaultValue" : {
      "type" : "string" ,
      "required" : false
    } ,
    "isReadOnly" : {
      "type" : "string" ,
      "required" : false
    } ,
    "isRequired" : {
      "type" : "string" ,
      "required" : false
    } ,
    "isStandard" : {
      "type" : "string" ,
      "required" : false
    } ,
    "outputFormatId" : {
      "type" : "string" ,
      "required" : false
    }
  }
}
