{
  "data": {
    "current_lag": 4,
    "phrases": [
      {
        "ghashes": [
          {
            "ghash": "QSQsPh",
            "visitors": 998
          },
          {
            "ghash": "ScRWYS",
            "visitors": 266
          },
          {
            "ghash": "ScHTDa",
            "visitors": 194
          },
          {
            "ghash": "QSxSab",
            "visitors": 131
          },
          {
            "ghash": "NW3HC7",
            "visitors": 101
          },
          {
            "ghash": "P9c0rD",
            "visitors": 47
          },
          {
            "ghash": "SbjnSG",
            "visitors": 26
          },
          {
            "ghash": "QghCiw",
            "visitors": 23
          },
          {
            "ghash": "Rvip6f",
            "visitors": 22
          },
          {
            "ghash": "Sb02kE",
            "visitors": 21
          },
          {
            "ghash": "NWxRS6",
            "visitors": 18
          },
          {
            "ghash": "NbDukJ",
            "visitors": 17
          },
          {
            "ghash": "OGqPAx",
            "visitors": 17
          }
        ],
        "phrase": "top gun",
        "rate": 1.0414969999999999
      },
      {
        "ghashes": [
          {
            "ghash": "PyyGlF",
            "visitors": 914
          },
          {
            "ghash": "SIDJ3h",
            "visitors": 209
          },
          {
            "ghash": "OQQbkR",
            "visitors": 35
          },
          {
            "ghash": "NBn40C",
            "visitors": 29
          },
          {
            "ghash": "SIv7K3",
            "visitors": 29
          },
          {
            "ghash": "QhQMGI",
            "visitors": 21
          }
        ],
        "phrase": "iphone 5",
        "rate": 0.76665669999999997
      }
    ],
    "time": 1345477932.46945
  },
  "status_code": 200,
  "status_txt": "OK"
}
