[
  {
    "Name" : "All API" ,
    "ID" : 1
  } , {
    "Name" : "Aches and Pains API" ,
    "ID" : 2
  } , {
    "Name" : "Respiratory API" ,
    "ID" : 3
  } , {
    "Name" : "Gardening API" ,
    "ID" : 4
  } , {
    "Name" : "Environmental API" ,
    "ID" : 5
  } , {
    "Name" : "Outdoor Living API" ,
    "ID" : 6
  } , {
    "Name" : "Beach and Marine API" ,
    "ID" : 7
  } , {
    "Name" : "Sportsman API" ,
    "ID" : 8
  } , {
    "Name" : "Farming API" ,
    "ID" : 9
  } , {
    "Name" : "Health API" ,
    "ID" : 10
  } , {
    "Name" : "Outdoor API" ,
    "ID" : 11
  } , {
    "Name" : "Sporting API" ,
    "ID" : 12
  } , {
    "Name" : "Home API" ,
    "ID" : 13
  }
]
