{
  "htmlName" : "undefined" ,
  "processingType" : "undefined" ,
  "emailAddressFormFieldId" : "undefined" ,
  "submitFailedLandingPageId" : "4" ,
  "size" : {
  } ,
  "html" : "undefined" ,
  "style" : "undefined" ,
  "elements" : [
    {
      "instructions" : "" ,
      "style" : "undefined" ,
      "name" : "string string" ,
      "description" : "string string" ,
      "permissions" : "InstancePermissions InstancePermissions" ,
      "folderId" : "string string" ,
      "sourceTemplateId" : "string string" ,
      "createdBy" : "string string" ,
      "createdAt" : "dateTime dateTime" ,
      "updatedBy" : "string string" ,
      "updatedAt" : "dateTime dateTime" ,
      "accessedAt" : "dateTime dateTime" ,
      "scheduledFor" : "dateTime dateTime" ,
      "depth" : "RequestDepth RequestDepth"
    }
  ] ,
  "processingSteps" : [
    {
      "execute" : "undefined" ,
      "conditionalType" : "undefined" ,
      "conditionalFieldId" : "12" ,
      "conditionalComparator" : "undefined" ,
      "isConditionallyNegated" : "true" ,
      "name" : "string string" ,
      "description" : "string string" ,
      "permissions" : "InstancePermissions InstancePermissions" ,
      "folderId" : "string string" ,
      "sourceTemplateId" : "string string" ,
      "createdBy" : "string string" ,
      "createdAt" : "dateTime dateTime" ,
      "updatedBy" : "string string" ,
      "updatedAt" : "dateTime dateTime" ,
      "accessedAt" : "dateTime dateTime" ,
      "scheduledFor" : "dateTime dateTime" ,
      "depth" : "RequestDepth RequestDepth"
    }
  ] ,
  "name" : "string string" ,
  "description" : "string string" ,
  "permissions" : "InstancePermissions InstancePermissions" ,
  "folderId" : "string string" ,
  "sourceTemplateId" : "string string" ,
  "createdBy" : "string string" ,
  "createdAt" : "dateTime dateTime" ,
  "updatedBy" : "string string" ,
  "updatedAt" : "dateTime dateTime" ,
  "accessedAt" : "dateTime dateTime" ,
  "scheduledFor" : "dateTime dateTime" ,
  "depth" : "RequestDepth RequestDepth"
}
