{
  "required" : true ,
  "$schema" : "http://json-schema.org/draft-03/schema" ,
  "type" : "object" ,
  "properties" : {
    "maternal_terminal_snps" : {
      "type" : "array" ,
      "required" : false ,
      "items" : [
        {
          "type" : "object" ,
          "properties" : {
            "rsid" : {
              "type" : "string" ,
              "required" : false
            } ,
            "rcrs_position" : {
              "type" : "string" ,
              "required" : false
            }
          }
        }
      ]
    } ,
    "paternal_terminal_snps" : {
      "type" : "array" ,
      "required" : false ,
      "items" : [
        {
          "type" : "object" ,
          "properties" : {
            "rsid" : {
              "type" : "string" ,
              "required" : false
            } ,
            "snp" : {
              "type" : "string" ,
              "required" : false
            }
          }
        }
      ]
    } ,
    "maternal" : {
      "type" : "string" ,
      "required" : false
    } ,
    "paternal" : {
      "type" : "string" ,
      "required" : false
    } ,
    "id" : {
      "type" : "string" ,
      "required" : false
    }
  }
}
