{
  "comparator" : "undefined" ,
  "ruleOperator" : "undefined" ,
  "dataType" : "undefined" ,
  "isNegated" : "false" ,
  "profileField" : "undefined" ,
  "sequenceNumber" : "undefined" ,
  "visitorNotificationId" : "undefined" ,
  "name" : "undefined" ,
  "description" : "Eloqua" ,
  "permissions" : "undefined" ,
  "folderId" : "undefined" ,
  "sourceTemplateId" : "undefined" ,
  "createdBy" : "undefined" ,
  "createdAt" : "undefined" ,
  "updatedBy" : "undefined" ,
  "updatedAt" : "undefined" ,
  "accessedAt" : "undefined" ,
  "scheduledFor" : "undefined" ,
  "depth" : "minimal"
}
