{
  "required" : true ,
  "$schema" : "http://json-schema.org/draft-03/schema" ,
  "type" : "object" ,
  "properties" : {
    "updateRules" : {
      "type" : "array" ,
      "required" : false ,
      "items" : [
        {
          "type" : "object" ,
          "properties" : {
            "targetFieldId" : {
              "type" : "string" ,
              "required" : false
            }
          }
        }
      ]
    } ,
    "scope" : {
      "type" : "string" ,
      "required" : false
    }
  }
}
