{
  "$schema": "http://json-schema.org/draft-03/schema",
  "required": true,
  "properties": {
    "data": {
      "type": "object",
      "properties": {
        "tz_offset": {
          "description": "The offset for the specified timezone, in hours.",
          "type": "integer"
        },
        "unit": {
          "description": "An echo of the specified unit value.",
          "type": "string"
        },
        "units": {
          "description": "An echo of the specified units value.",
          "type": "integer"
        },
        "days": {
          "description": "The number of days for which data is provided (ONLY returned if unit is not specified).",
          "type": "integer"
        },
        "referrers": {
          "items": {
            "description": "A list of URLs referring traffic to this user's links.",
            "properties": {
              "clicks": {
                "description": "The number of clicks referred from this URL.",
                "type": "integer"
              },
              "referrer": {
                "description": "The URL referring clicks.",
                "type": "string"
              }
            }
          },
          "type": "array"
        }
      }
    },
    "status_code": {
      "type": "integer",
      "required": true
    },
    "status_txt": {
      "type": "string",
      "required": true
    }
  }
}
