{
    "Headline": 
    {
        "EffectiveDate": "2013-01-19T07:00:00-05:00",
        "EffectiveEpochDate": 1358596800,
        "Severity": 4,
        "Text": "Va a ser apreciablemente ms suave mana"
    },
    "DailyForecasts": 
    [
        {
            "Date": "2013-01-18T07:00:00-05:00",
            "EpochDate": 1358510400,
            "Sun": 
            {
                "Rise": "2013-01-18T07:33:00-05:00",
                "EpochRise": 1358512380,
                "Set": "2013-01-18T17:12:00-05:00",
                "EpochSet": 1358547120
            },
            "Moon": 
            {
                "Rise": "2013-01-18T11:07:00-05:00",
                "EpochRise": 1358525220,
                "Set": "2013-01-19T01:03:00-05:00",
                "EpochSet": 1358575380,
                "Phase": "First",
                "Age": 7
            },
            "Temperature": 
            {
                "Minimum": 
                {
                    "Value": 19,
                    "Unit": "F",
                    "UnitType": 18
                },
                "Maximum": 
                {
                    "Value": 27,
                    "Unit": "F",
                    "UnitType": 18
                }
            },
            "RealFeelTemperature": 
            {
                "Minimum": 
                {
                    "Value": 12,
                    "Unit": "F",
                    "UnitType": 18
                },
                "Maximum": 
                {
                    "Value": 23,
                    "Unit": "F",
                    "UnitType": 18
                }
            },
            "RealFeelTemperatureShade": 
            {
                "Minimum": 
                {
                    "Value": 12,
                    "Unit": "F",
                    "UnitType": 18
                },
                "Maximum": 
                {
                    "Value": 19,
                    "Unit": "F",
                    "UnitType": 18
                }
            },
            "HoursOfSun": 7.5,
            "AirQuality": 
            [
                {
                    "Name": "AirQuality",
                    "Value": 0,
                    "Category": "Bien",
                    "CategoryValue": 1,
                    "Type": "Ozone"
                },
                {
                    "Type": "Grass",
                    "Value": 0,
                    "Category": "Bajo",
                    "CategoryValue": 1
                },
                {
                    "Type": "Mold",
                    "Value": 0,
                    "Category": "Bajo",
                    "CategoryValue": 1
                },
                {
                    "Type": "Ragweed",
                    "Value": 0,
                    "Category": "Bajo",
                    "CategoryValue": 1
                },
                {
                    "Type": "Tree",
                    "Value": 0,
                    "Category": "Bajo",
                    "CategoryValue": 1
                },
                {
                    "Type": "UVIndex",
                    "Value": 2,
                    "Category": "Bajo",
                    "CategoryValue": 1
                }
            ],
            "Day": 
            {
                "Icon": 3,
                "IconPhrase": "Parcialmente Soleado",
                "ShortPhrase": "Fro, con algo de sol",
                "LongPhrase": "Fro, con algunas nubes, luego, sol",
                "PrecipitationProbability": 35,
                "ThunderstormProbability": 0,
                "RainProbability": 0,
                "SnowProbability": 32,
                "IceProbability": 6,
                "Wind": 
                {
                    "Speed": 
                    {
                        "Value": 10,
                        "Unit": "mi/h",
                        "UnitType": 9
                    },
                    "Direction": 
                    {
                        "Degrees": 270,
                        "Localized": "O",
                        "English": "W"
                    }
                },
                "WindGust": 
                {
                    "Speed": 
                    {
                        "Value": 18,
                        "Unit": "mi/h",
                        "UnitType": 9
                    },
                    "Direction": 
                    {
                        "Degrees": 320,
                        "Localized": "NO",
                        "English": "NW"
                    }
                },
                "TotalLiquid": 
                {
                    "Value": 0,
                    "Unit": "in",
                    "UnitType": 1
                },
                "Rain": 
                {
                    "Value": 0,
                    "Unit": "in",
                    "UnitType": 1
                },
                "Snow": 
                {
                    "Value": 0,
                    "Unit": "in",
                    "UnitType": 1
                },
                "Ice": 
                {
                    "Value": 0,
                    "Unit": "in",
                    "UnitType": 1
                },
                "HoursOfPrecipitation": 0,
                "HoursOfRain": 0,
                "CloudCover": 24
            },
            "Night": 
            {
                "Icon": 35,
                "IconPhrase": "Parcialmente Nublado",
                "ShortPhrase": "Algunas nubes",
                "LongPhrase": "Algunas nubes",
                "PrecipitationProbability": 6,
                "ThunderstormProbability": 0,
                "RainProbability": 0,
                "SnowProbability": 0,
                "IceProbability": 0,
                "Wind": 
                {
                    "Speed": 
                    {
                        "Value": 5,
                        "Unit": "mi/h",
                        "UnitType": 9
                    },
                    "Direction": 
                    {
                        "Degrees": 220,
                        "Localized": "SO",
                        "English": "SW"
                    }
                },
                "WindGust": 
                {
                    "Speed": 
                    {
                        "Value": 9,
                        "Unit": "mi/h",
                        "UnitType": 9
                    },
                    "Direction": 
                    {
                        "Degrees": 218,
                        "Localized": "SO",
                        "English": "SW"
                    }
                },
                "TotalLiquid": 
                {
                    "Value": 0,
                    "Unit": "in",
                    "UnitType": 1
                },
                "Rain": 
                {
                    "Value": 0,
                    "Unit": "in",
                    "UnitType": 1
                },
                "Snow": 
                {
                    "Value": 0,
                    "Unit": "in",
                    "UnitType": 1
                },
                "Ice": 
                {
                    "Value": 0,
                    "Unit": "in",
                    "UnitType": 1
                },
                "HoursOfPrecipitation": 0,
                "HoursOfRain": 0,
                "CloudCover": 25
            },
            "MobileLink": "http://m.accuweather.com/es/us/state-college-pa/16801/daily-weather-forecast/335315?day=1",
            "Link": "http://www.accuweather.com/es/us/state-college-pa/16801/daily-weather-forecast/335315?day=1"
        }
    ]
}
