{
  "$schema": "http://json-schema.org/draft-03/schema",
  "required": true,
  "properties": {
    "data": {
      "type": "object",
      "properties": {
        "tz_offset": {
          "description": "The offset for the specified timezone, in hours.",
          "type": "integer"
        },
        "unit": {
          "description": "An echo of the specified unit value.",
          "type": "string"
        },
        "units": {
          "description": "An echo of the specified units value.",
          "type": "integer"
        },
        "days": {
          "description": "The number of days for which data is provided (ONLY returned if unit is not specified).",
          "type": "integer"
        },
        "user_clicks": {
          "items": {
            "properties": {
              "dt": {
                "description": "A unix timestamp representing the beginning of this unit.",
                "type": "string"
              },
              "day_start": {
                "description": "A unix timestamp representing the beginning of the specified day (ONLY returned if unit is not specified).",
                "type": "string"
              },
              "clicks": {
                "description": "The number of clicks on this user's links in the specified timeframe.",
                "type": "integer"
              }
            },
            "type": "object"
          },
          "type": "array"
        }
      }
    },
    "status_code": {
      "type": "integer",
      "required": true
    },
    "status_txt": {
      "type": "string",
      "required": true
    }
  }
}
