{
  "$schema": "http://json-schema.org/draft-03/schema",
  "required": true,
  "properties": {
    "data": {
      "type": "object",
      "properties": {
        "bitly_pro_domain": {
          "description": "0 or 1 designating whether this is a current bitly domain.",
          "type": "boolean"
        },
        "domain": {
          "description": "An echo back of the request parameter.",
          "type": "string"
        }
      }
    },
    "status_code": {
      "type": "integer",
      "required": true
    },
    "status_txt": {
      "type": "string",
      "required": true
    }
  }
}
