{
  "$schema": "http://json-schema.org/draft-03/schema",
  "required": true,
  "properties": {
    "data": {
      "type": "object",
      "properties": {
        "short_url": {
          "description": "An echo back of the shortUrl request parameter.",
          "type": "string"
        },
        "hash": {
          "description": "An echo back of the hash request parameter.",
          "type": "string"
        },
        "user_hash": {
          "description": "The corresponding bitly user identifier.",
          "type": "string"
        },
        "global_hash": {
          "description": "The corresponding bitly aggregate identifier.",
          "type": "string"
        },
        "error": {
          "description": "indicates there was an error retrieving data for a given shortUrl or hash. An example error is 'NOT_FOUND'.",
          "type": "string"
        },
        "title": {
          "description": "The HTML page title for the destination page (when available).",
          "type": "string"
        },
        "created_by": {
          "description": "The bitly username that originally shortened this link, if the link is public. Otherwise, null.",
          "type": "string"
        },
        "created_at": {
          "description": "The epoch timestamp when this bitly link was created.",
          "type": "string"
        }
      }
    },
    "status_code": {
      "type": "integer",
      "required": true
    },
    "status_txt": {
      "type": "string",
      "required": true
    }
  }
}
