{
  "required" : true ,
  "$schema" : "http://json-schema.org/draft-03/schema" ,
  "type" : "object" ,
  "properties" : {
    "count" : {
      "type" : "number" ,
      "required" : false
    } ,
    "_shards" : {
      "type" : "object" ,
      "required" : false ,
      "properties" : {
        "total" : {
          "type" : "number" ,
          "required" : false
        } ,
        "successful" : {
          "type" : "number" ,
          "required" : false
        } ,
        "failed" : {
          "type" : "number" ,
          "required" : false
        }
      }
    }
  }
}
