{
  "$schema": "http://json-schema.org/draft-03/schema",
  "required": true,
  "properties": {
    "data": {
      "type": "object",
      "properties": {
        "total": {
          "description": "The total number of network history results returned.",
          "type": "integer"
        },
        "limit": {
          "description": "An echo back of the limit parameter.",
          "type": "integer"
        },
        "offset": {
          "description": "An echo back of the offset parameter.",
          "type": "integer"
        },
        "entries": {
          "items": {
            "description": "The returned network history links",
            "properties": {
              "global_hash": {
                "description": "The global (aggregate) identifier of this link.",
                "type": "string"
              },
              "saves": {
                "items": {
                  "description": "Information about each time this link has been publicly saved by bitly users followed by the authenticated user.",
                  "properties": {
                    "link": {
                      "description": "The bitly link specific to this user and this long_url.",
                      "type": "string"
                    },
                    "aggregate_link": {
                      "description": "The global bitly identifier for this long_url.",
                      "type": "string"
                    },
                    "long_url": {
                      "description": "The original long URL.",
                      "type": "string"
                    },
                    "user": {
                      "description": "The bitly user who saved this link.",
                      "type": "string"
                    },
                    "archived": {
                      "description": "A true/false value indicating whether the user has archived this link.",
                      "type": "boolean"
                    },
                    "private": {
                      "description": "A true/false value indicating whether the user has made this link private.",
                      "type": "boolean"
                    },
                    "created_at": {
                      "description": "An integer unix epoch indicating when this link was shortened/encoded.",
                      "type": "string"
                    },
                    "user_ts": {
                      "description": "A user-provided timestamp for when this link was shortened/encoded, used for backfilling data.",
                      "type": "string"
                    },
                    "modified_at": {
                      "description": "An integer unix epoch indicating when this link's metadata was last edited.",
                      "type": "string"
                    },
                    "title": {
                      "description": "The title for this link.",
                      "type": "string"
                    },
                    "client_id": {
                      "description": "the oauth client ID of the app that shortened/saved this link on behalf of the user. If expand_client_id is set to false, this will be a string corresponding to the client_id of the encoding oauth application. If expand_client_id is set to true, this will be a mapping containing the following fields:",
                      "oneOf": [
                        {
                          "type": "string"
                        },
                        {
                          "properties": {
                            "client_id": {
                              "description": "A string corresponding to the client_id of the encoding oauth application.",
                              "type": "string"
                            },
                            "app_link": {
                              "description": "The link for the encoding oauth application.",
                              "type": "string"
                            },
                            "app_name": {
                              "description": "The name of the encoding oauth application.",
                              "type": "string"
                            },
                            "app_description": {
                              "description": "A description of the encoding oauth application.",
                              "type": "string"
                            }
                          },
                          "type": "object"
                        }
                      ]
                    }
                  }
                },
                "type": "array"
              }
            }
          },
          "type": "array"
        }
      }
    },
    "status_code": {
      "type": "integer",
      "required": true
    },
    "status_txt": {
      "type": "string",
      "required": true
    }
  }
}
