{
  "assetType" : "Email" ,
  "categoryId" : "undefined" ,
  "assetId" : "undefined" ,
  "iconUrl" : "undefined" ,
  "documentationTitle" : "undefined" ,
  "documentationUrl" : "undefined" ,
  "name" : "undefined" ,
  "description" : "Eloqua" ,
  "permissions" : "undefined" ,
  "folderId" : "undefined" ,
  "sourceTemplateId" : "undefined" ,
  "createdBy" : "undefined" ,
  "createdAt" : "undefined" ,
  "updatedBy" : "undefined" ,
  "updatedAt" : "undefined" ,
  "accessedAt" : "undefined" ,
  "scheduledFor" : "undefined" ,
  "depth" : "minimal"
}
