{
  "data": {
    "results": [
      {
        "aggregate_link": "http://bit.ly/T21fuJ",
        "title": "Debt Reckoning: The Fiscal Deadline in Washington - NYTimes.com",
        "url": "http://www.nytimes.com/interactive/us/politics/debt-reckoning.html"
      },
      {
        "aggregate_link": "http://bit.ly/WhGQTe",
        "title": "Sunday Coverage of School Shooting Aftermath - NYTimes.com",
        "url": "http://thelede.blogs.nytimes.com/2012/12/16/sunday-coverage-of-newtown-school-shooting/"
      }
    ]
  },
  "status_code": 200,
  "status_txt": "OK"
}
