<?xml version="1.0" encoding="UTF-8"?>
<feed xmlns="http://www.w3.org/2005/Atom" xmlns:d="http://schemas.microsoft.com/ado/2007/08/dataservices" xmlns:m="http://schemas.microsoft.com/ado/2007/08/dataservices/metadata" xml:base="https://myaccount.table.core.windows.net">
   <id>https://myaccount.table.core.windows.net/Customers</id>
   <title type="text">Customers</title>
   <updated>2013-08-22T00:50:32Z</updated>
   <link rel="self" title="Customers" href="Customers" />
   <entry m:etag="W/&quot;datetime'2013-08-22T00%3A20%3A16.3134645Z'&quot;">
      <id>https://myaccount.table.core.windows.net/Customers(PartitionKey='Customer',RowKey='Name')</id>
      <category term="myaccount.Customers" scheme="http://schemas.microsoft.com/ado/2007/08/dataservices/scheme" />
      <link rel="edit" title="Customers" href="Customers(PartitionKey='Customer',RowKey='Name')" />
      <title />
      <updated>2013-08-22T00:50:32Z</updated>
      <author>
         <name />
      </author>
      <content type="application/xml">
         <m:properties>
            <d:PartitionKey>Customer</d:PartitionKey>
            <d:RowKey>Name</d:RowKey>
            <d:Timestamp m:type="Edm.DateTime">2013-08-22T00:20:16.3134645Z</d:Timestamp>
            <d:CustomerSince m:type="Edm.DateTime">2008-10-01T15:25:05.2852025Z</d:CustomerSince>
         </m:properties>
      </content>
   </entry>
</feed>
