{
  "required" : true ,
  "$schema" : "http://json-schema.org/draft-03/schema" ,
  "type" : "array" ,
  "items" : [
    {
      "type" : "object" ,
      "properties" : {
        "Version" : {
          "type" : "number" ,
          "required" : false
        } ,
        "Key" : {
          "type" : "string" ,
          "required" : false
        } ,
        "Type" : {
          "type" : "string" ,
          "required" : false
        } ,
        "Rank" : {
          "type" : "number" ,
          "required" : false
        } ,
        "LocalizedName" : {
          "type" : "string" ,
          "required" : false
        } ,
        "EnglishName" : {
          "type" : "string" ,
          "required" : false
        } ,
        "PrimaryPostalCode" : {
          "type" : "string" ,
          "required" : false
        } ,
        "Region" : {
          "type" : "object" ,
          "required" : false ,
          "properties" : {
            "ID" : {
              "type" : "string" ,
              "required" : false
            } ,
            "LocalizedName" : {
              "type" : "string" ,
              "required" : false
            } ,
            "EnglishName" : {
              "type" : "string" ,
              "required" : false
            }
          }
        } ,
        "Country" : {
          "type" : "object" ,
          "required" : false ,
          "properties" : {
            "ID" : {
              "type" : "string" ,
              "required" : false
            } ,
            "LocalizedName" : {
              "type" : "string" ,
              "required" : false
            } ,
            "EnglishName" : {
              "type" : "string" ,
              "required" : false
            }
          }
        } ,
        "AdministrativeArea" : {
          "type" : "object" ,
          "required" : false ,
          "properties" : {
            "ID" : {
              "type" : "string" ,
              "required" : false
            } ,
            "LocalizedName" : {
              "type" : "string" ,
              "required" : false
            } ,
            "EnglishName" : {
              "type" : "string" ,
              "required" : false
            } ,
            "Level" : {
              "type" : "number" ,
              "required" : false
            } ,
            "LocalizedType" : {
              "type" : "string" ,
              "required" : false
            } ,
            "EnglishType" : {
              "type" : "string" ,
              "required" : false
            } ,
            "CountryID" : {
              "type" : "string" ,
              "required" : false
            }
          }
        } ,
        "TimeZone" : {
          "type" : "object" ,
          "required" : false ,
          "properties" : {
            "Code" : {
              "type" : "string" ,
              "required" : false
            } ,
            "Name" : {
              "type" : "string" ,
              "required" : false
            } ,
            "GmtOffset" : {
              "type" : "number" ,
              "required" : false
            } ,
            "IsDaylightSaving" : {
              "type" : "boolean" ,
              "required" : false
            } ,
            "NextOffsetChange" : {
              "type" : "string" ,
              "required" : false
            }
          }
        } ,
        "GeoPosition" : {
          "type" : "object" ,
          "required" : false ,
          "properties" : {
            "Latitude" : {
              "type" : "number" ,
              "required" : false
            } ,
            "Longitude" : {
              "type" : "number" ,
              "required" : false
            } ,
            "Elevation" : {
              "type" : "object" ,
              "required" : false ,
              "properties" : {
                "Metric" : {
                  "type" : "object" ,
                  "required" : false ,
                  "properties" : {
                    "Value" : {
                      "type" : "number" ,
                      "required" : false
                    } ,
                    "Unit" : {
                      "type" : "string" ,
                      "required" : false
                    } ,
                    "UnitType" : {
                      "type" : "number" ,
                      "required" : false
                    }
                  }
                } ,
                "Imperial" : {
                  "type" : "object" ,
                  "required" : false ,
                  "properties" : {
                    "Value" : {
                      "type" : "number" ,
                      "required" : false
                    } ,
                    "Unit" : {
                      "type" : "string" ,
                      "required" : false
                    } ,
                    "UnitType" : {
                      "type" : "number" ,
                      "required" : false
                    }
                  }
                }
              }
            }
          }
        } ,
        "IsAlias" : {
          "type" : "boolean" ,
          "required" : false
        } ,
        "SupplementalAdminAreas" : {
          "type" : "array" ,
          "required" : false ,
          "items" : [
            {
              "type" : "object" ,
              "properties" : {
                "Level" : {
                  "type" : "number" ,
                  "required" : false
                } ,
                "LocalizedName" : {
                  "type" : "string" ,
                  "required" : false
                } ,
                "EnglishName" : {
                  "type" : "string" ,
                  "required" : false
                }
              }
            }
          ]
        }
      }
    }
  ]
}
