{
  "required" : true ,
  "$schema" : "http://json-schema.org/draft-03/schema" ,
  "type" : "object" ,
  "properties" : {
    "_index" : {
      "type" : "string" ,
      "required" : false
    } ,
    "_type" : {
      "type" : "string" ,
      "required" : false
    } ,
    "_id" : {
      "type" : "string" ,
      "required" : false
    } ,
    "_version" : {
      "type" : "number" ,
      "required" : false
    } ,
    "found" : {
      "type" : "boolean" ,
      "required" : false
    } ,
    "_source" : {
      "type" : "object" ,
      "required" : false ,
      "properties" : {
        "user" : {
          "type" : "string" ,
          "required" : false
        } ,
        "postDate" : {
          "type" : "string" ,
          "required" : false
        } ,
        "message" : {
          "type" : "string" ,
          "required" : false
        }
      }
    }
  }
}
