{
  "odata.metadata" : " https://myaccount.table.core.windows.net/metadata#Customers" ,
  "value" : [
    {
      "odata.type" : "myaccount.Customers" ,
      "odata.id" : "https://myaccount.table.core.windows.net/Customers(PartitionKey=Customer',RowKey='Name')" ,
      "odata.etag" : "W/\"datetime'2013-08-22T00%3A20%3A16.3134645Z'\"" ,
      "odata.editLink" : "Customers(PartitionKey=Customer',RowKey='Name')" ,
      "PartitionKey" : "Customer" ,
      "RowKey" : "Name" ,
      "Timestamp@odata.type" : "Edm.DateTime" ,
      "Timestamp" : "2013-08-22T00:20:16.3134645Z" ,
      "CustomerSince@odata.type" : "Edm.DateTime" ,
      "CustomerSince" : "2008-10-01T15:25:05.2852025Z"
    }
  ]
}
