{
  "$schema": "http://json-schema.org/draft-03/schema",
  "required": true,
  "properties": {
    "data": {
      "type": "object",
      "properties": {
        "shares": {
          "items": {
            "description": "The number of shares for the specified bitly link, by the type of share (twitter, email, facebook).",
            "properties": {
              "share_type": {
                "type": "string"
              },
              "shares": {
                "type": "integer"
              }
            },
            "type": "object"
          },
          "type": "array"
        },
        "tz_offset": {
          "description": "The offset for the specified timezone, in hours.",
          "type": "integer"
        },
        "unit": {
          "description": "An echo of the specified unit value.",
          "type": "string"
        },
        "units": {
          "description": "An echo of the specified units value.",
          "type": "integer"
        }
      }
    },
    "status_code": {
      "type": "integer",
      "required": true
    },
    "status_txt": {
      "type": "string",
      "required": true
    }
  }
}
