{
  "$schema": "http://json-schema.org/draft-03/schema",
  "required": true,
  "properties": {
    "data": {
      "type": "object",
      "properties": {
        "bundle_owner": {
          "description": "The bitly user who owns this bundle (the authenticated user on whose behalf the bundle was created).",
          "type": "string"
        },
        "created_ts": {
          "description": "A timestamp representing the time at which this bundle was created.",
          "type": "string"
        },
        "description": {
          "description": "A description of this bundle.",
          "type": "string"
        },
        "bundle_link": {
          "description": "A URL pointing directly to this bundle.",
          "type": "string"
        },
        "last_modified_ts": {
          "description": "A timestamp representing the last time this bundle was modified.",
          "type": "string"
        },
        "private": {
          "description": "A true/false value indicating whether this bundle is set to be private.",
          "type": "boolean"
        },
        "links": {
          "items": {
            "description": "The links in the bundle.",
            "properties": {
              "aggregate_link": {
                "description": "The global bitly link for the specified long_url, which can be used to track aggregate stats across all matching bitly links.",
                "type": "string"
              },
              "link": {
                "description": "The bitly link for the specified long_url, unique to this user's account.",
                "type": "string"
              },
              "description": {
                "description": "A description of this link.",
                "type": "string"
              },
              "title": {
                "description": "The title of this link, automatically populated from the destination page title and editable with the /v3/bundle/link_edit endpoint.",
                "type": "string"
              },
              "long_url": {
                "description": "The destination long URL for this link.",
                "type": "string"
              },
              "display_order": {
                "description": "The order in which this link will display, starting with 0 for the link to be displayed first.",
                "type": "integer"
              }
            }
          },
          "type": "array"
        }
      }
    },
    "status_code": {
      "type": "integer",
      "required": true
    },
    "status_txt": {
      "type": "string",
      "required": true
    }
  }
}
