{
  "required" : true ,
  "$schema" : "http://json-schema.org/draft-03/schema" ,
  "type" : "object" ,
  "properties" : {
    "genetic_risk_factors" : {
      "type" : "array" ,
      "required" : false ,
      "items" : [
        {
          "type" : "object" ,
          "properties" : {
            "mutations" : {
              "type" : "string" ,
              "required" : false
            } ,
            "description" : {
              "type" : "string" ,
              "required" : false
            } ,
            "report_id" : {
              "type" : "string" ,
              "required" : false
            }
          }
        }
      ]
    } ,
    "id" : {
      "type" : "string" ,
      "required" : false
    }
  }
}
