{
  "$schema": "http://json-schema.org/draft-03/schema",
  "required": true,
  "properties": {
    "data": {
      "type": "object",
      "properties": {
        "link_clicks": {
          "description": "The number of clicks on the specified bitly link.",
          "type": "integer"
        },
        "tz_offset": {
          "description": "The offset for the specified timezone, in hours.",
          "type": "integer"
        },
        "unit": {
          "description": "An echo of the specified unit value.",
          "type": "string"
        },
        "units": {
          "description": "An echo of the specified units value.",
          "type": "integer"
        },
        "unit_reference_ts": {
          "description": "An echo of the specified unit_reference_ts value.",
          "type": "string"
        }
      }
    },
    "status_code": {
      "type": "integer",
      "required": true
    },
    "status_txt": {
      "type": "string",
      "required": true
    }
  }
}
