{
  "object": "person",
  "id": "544744f43266330002010000",
  "created_at": 1413956852,
  "updated_at": 1413956984,
  "status": "valid",
  "livemode": true,
  "phone_number": null,
  "ip_address": "",
  "birth_day": 23,
  "birth_month": 8,
  "birth_year": 1993,
  "name_first": "John",
  "name_middle": null,
  "name_last": "Doe",
  "address_street1": "1 Infinite Loop",
  "address_street2": null,
  "address_city": "Cupertino",
  "address_subdivision": "CA",
  "address_postal_code": "95014",
  "address_country_code": "US",
  "document_type": "ssn",
  "document_value": "0000",
  "note": "ref-id:12345",
  "details": {
    "address": "no_match",
    "address_risk": "low",
    "identification": "partial_match",
    "date_of_birth": "partial_match",
    "ofac": "no_match",
    "pep": "no_match"
  },
  "question_sets": [
    "536c1532627463780b000000"
  ]
}
