{
  "required" : true ,
  "$schema" : "http://json-schema.org/draft-03/schema" ,
  "type" : "object" ,
  "properties" : {
    "odata.metadata" : {
      "type" : "string" ,
      "required" : false
    } ,
    "odata.type" : {
      "type" : "string" ,
      "required" : false
    } ,
    "odata.id" : {
      "type" : "string" ,
      "required" : false
    } ,
    "odata.editLink" : {
      "type" : "string" ,
      "required" : false
    } ,
    "TableName" : {
      "type" : "string" ,
      "required" : false
    }
  }
}
